Category,Message
ham,Soon i'll be home. Don't worry dear.
ham,Call me when you are free.
spam,You have won $1000! Claim now.
ham,Are you coming to college today?
spam,Free entry in 2-day contest. Click the link to win!
ham,I'll call you later
spam,WINNER!! You won a free ticket to Bahamas. Text WIN to 80085
ham,Can we meet tomorrow?
spam,URGENT! Your mobile number has won 500000 rs. Call now.
ham,Did you finish the assignment?
ham,Good morning. Have a great day!
spam,You have been selected for a cash prize. Claim immediately.
ham,Don't forget the meeting at 5 PM.
spam,Congratulations! You've won a gift voucher worth 10000.
ham,Ok I will send the details.
spam,Exclusive offer! Buy 1 Get 1 free. Limited time.
ham,Please send me the notes.
spam,Your ATM card is blocked. Call this number to activate.
ham,I will talk to you later.
spam,Claim your lottery amount of $5000 now!